month,from,to,status,seconds,bytes,lines,expected_lines,file
xauusd_bid_m1_2010_01,2010-01-01,2010-02-01,ok,28.02,0,0,44641,"F:\code\AutoRunForex\History_Data\dukascopy\xauusd\bid\m1\xauusd_bid_m1_2010_01.csv"
xauusd_bid_m1_2010_02,2010-02-01,2010-03-01,ok,17.74,0,0,40321,"F:\code\AutoRunForex\History_Data\dukascopy\xauusd\bid\m1\xauusd_bid_m1_2010_02.csv"
xauusd_bid_m1_2010_03,2010-03-01,2010-04-01,ok,96.14,1424911,28801,44641,"F:\code\AutoRunForex\History_Data\dukascopy\xauusd\bid\m1\xauusd_bid_m1_2010_03.csv"
xauusd_bid_m1_2010_04,2010-04-01,2010-05-01,ok,10.35,2126923,43201,43201,"F:\code\AutoRunForex\History_Data\dukascopy\xauusd\bid\m1\xauusd_bid_m1_2010_04.csv"
xauusd_bid_m1_2010_05,2010-05-01,2010-06-01,ok,11.96,2212378,44641,44641,"F:\code\AutoRunForex\History_Data\dukascopy\xauusd\bid\m1\xauusd_bid_m1_2010_05.csv"
xauusd_bid_m1_2010_06,2010-06-01,2010-07-01,ok,11.11,2140337,43201,43201,"F:\code\AutoRunForex\History_Data\dukascopy\xauusd\bid\m1\xauusd_bid_m1_2010_06.csv"
xauusd_bid_m1_2010_07,2010-07-01,2010-08-01,ok,11.83,2205658,44641,44641,"F:\code\AutoRunForex\History_Data\dukascopy\xauusd\bid\m1\xauusd_bid_m1_2010_07.csv"
xauusd_bid_m1_2010_08,2010-08-01,2010-09-01,ok,12,2217476,44641,44641,"F:\code\AutoRunForex\History_Data\dukascopy\xauusd\bid\m1\xauusd_bid_m1_2010_08.csv"
xauusd_bid_m1_2010_09,2010-09-01,2010-10-01,ok,10.11,2146063,43201,43201,"F:\code\AutoRunForex\History_Data\dukascopy\xauusd\bid\m1\xauusd_bid_m1_2010_09.csv"
xauusd_bid_m1_2010_10,2010-10-01,2010-11-01,ok,12.17,2217748,44641,44641,"F:\code\AutoRunForex\History_Data\dukascopy\xauusd\bid\m1\xauusd_bid_m1_2010_10.csv"
xauusd_bid_m1_2010_11,2010-11-01,2010-12-01,ok,10.35,2145603,43201,43201,"F:\code\AutoRunForex\History_Data\dukascopy\xauusd\bid\m1\xauusd_bid_m1_2010_11.csv"
xauusd_bid_m1_2010_12,2010-12-01,2011-01-01,ok,11.96,2178340,44641,44641,"F:\code\AutoRunForex\History_Data\dukascopy\xauusd\bid\m1\xauusd_bid_m1_2010_12.csv"
xauusd_bid_m1_2011_01,2011-01-01,2011-02-01,ok,11.87,2179235,44641,44641,"F:\code\AutoRunForex\History_Data\dukascopy\xauusd\bid\m1\xauusd_bid_m1_2011_01.csv"
xauusd_bid_m1_2011_02,2011-02-01,2011-03-01,ok,9.9,1997631,40321,40321,"F:\code\AutoRunForex\History_Data\dukascopy\xauusd\bid\m1\xauusd_bid_m1_2011_02.csv"
xauusd_bid_m1_2011_03,2011-03-01,2011-04-01,ok,11.8,2174455,44641,44641,"F:\code\AutoRunForex\History_Data\dukascopy\xauusd\bid\m1\xauusd_bid_m1_2011_03.csv"
xauusd_bid_m1_2011_04,2011-04-01,2011-05-01,ok,10.35,2123307,43201,43201,"F:\code\AutoRunForex\History_Data\dukascopy\xauusd\bid\m1\xauusd_bid_m1_2011_04.csv"
xauusd_bid_m1_2011_05,2011-05-01,2011-06-01,ok,11.98,2195474,44641,44641,"F:\code\AutoRunForex\History_Data\dukascopy\xauusd\bid\m1\xauusd_bid_m1_2011_05.csv"
xauusd_bid_m1_2011_06,2011-06-01,2011-07-01,ok,10.6,2145798,43201,43201,"F:\code\AutoRunForex\History_Data\dukascopy\xauusd\bid\m1\xauusd_bid_m1_2011_06.csv"
xauusd_bid_m1_2011_07,2011-07-01,2011-08-01,ok,11.7,2218209,44641,44641,"F:\code\AutoRunForex\History_Data\dukascopy\xauusd\bid\m1\xauusd_bid_m1_2011_07.csv"
xauusd_bid_m1_2011_08,2011-08-01,2011-09-01,ok,12.22,2216705,44641,44641,"F:\code\AutoRunForex\History_Data\dukascopy\xauusd\bid\m1\xauusd_bid_m1_2011_08.csv"
xauusd_bid_m1_2011_09,2011-09-01,2011-10-01,ok,10.4,2146195,43201,43201,"F:\code\AutoRunForex\History_Data\dukascopy\xauusd\bid\m1\xauusd_bid_m1_2011_09.csv"
xauusd_bid_m1_2011_10,2011-10-01,2011-11-01,ok,12.01,2218613,44641,44641,"F:\code\AutoRunForex\History_Data\dukascopy\xauusd\bid\m1\xauusd_bid_m1_2011_10.csv"
xauusd_bid_m1_2011_11,2011-11-01,2011-12-01,ok,10.55,2123013,43201,43201,"F:\code\AutoRunForex\History_Data\dukascopy\xauusd\bid\m1\xauusd_bid_m1_2011_11.csv"
xauusd_bid_m1_2011_12,2011-12-01,2012-01-01,ok,11.46,2214726,44641,44641,"F:\code\AutoRunForex\History_Data\dukascopy\xauusd\bid\m1\xauusd_bid_m1_2011_12.csv"
xauusd_bid_m1_2012_01,2012-01-01,2012-02-01,ok,11.86,2160565,44641,44641,"F:\code\AutoRunForex\History_Data\dukascopy\xauusd\bid\m1\xauusd_bid_m1_2012_01.csv"
xauusd_bid_m1_2012_02,2012-02-01,2012-03-01,ok,10.17,2023112,41761,41761,"F:\code\AutoRunForex\History_Data\dukascopy\xauusd\bid\m1\xauusd_bid_m1_2012_02.csv"
xauusd_bid_m1_2012_03,2012-03-01,2012-04-01,ok,11.9,2163060,44641,44641,"F:\code\AutoRunForex\History_Data\dukascopy\xauusd\bid\m1\xauusd_bid_m1_2012_03.csv"
xauusd_bid_m1_2012_04,2012-04-01,2012-05-01,ok,10.35,2095240,43201,43201,"F:\code\AutoRunForex\History_Data\dukascopy\xauusd\bid\m1\xauusd_bid_m1_2012_04.csv"
xauusd_bid_m1_2012_05,2012-05-01,2012-06-01,ok,11.68,2152353,44641,44641,"F:\code\AutoRunForex\History_Data\dukascopy\xauusd\bid\m1\xauusd_bid_m1_2012_05.csv"
xauusd_bid_m1_2012_06,2012-06-01,2012-07-01,ok,9.95,2090191,43201,43201,"F:\code\AutoRunForex\History_Data\dukascopy\xauusd\bid\m1\xauusd_bid_m1_2012_06.csv"
xauusd_bid_m1_2012_07,2012-07-01,2012-08-01,ok,12.21,2161387,44641,44641,"F:\code\AutoRunForex\History_Data\dukascopy\xauusd\bid\m1\xauusd_bid_m1_2012_07.csv"
xauusd_bid_m1_2012_08,2012-08-01,2012-09-01,ok,11.85,2168317,44641,44641,"F:\code\AutoRunForex\History_Data\dukascopy\xauusd\bid\m1\xauusd_bid_m1_2012_08.csv"
xauusd_bid_m1_2012_09,2012-09-01,2012-10-01,ok,10.53,2080631,43201,43201,"F:\code\AutoRunForex\History_Data\dukascopy\xauusd\bid\m1\xauusd_bid_m1_2012_09.csv"
xauusd_bid_m1_2012_10,2012-10-01,2012-11-01,ok,11.8,2170901,44641,44641,"F:\code\AutoRunForex\History_Data\dukascopy\xauusd\bid\m1\xauusd_bid_m1_2012_10.csv"
xauusd_bid_m1_2012_11,2012-11-01,2012-12-01,ok,9.69,2101469,43201,43201,"F:\code\AutoRunForex\History_Data\dukascopy\xauusd\bid\m1\xauusd_bid_m1_2012_11.csv"
xauusd_bid_m1_2012_12,2012-12-01,2013-01-01,ok,11.02,2177472,44641,44641,"F:\code\AutoRunForex\History_Data\dukascopy\xauusd\bid\m1\xauusd_bid_m1_2012_12.csv"
xauusd_bid_m1_2013_01,2013-01-01,2013-02-01,ok,11.34,2189531,44641,44641,"F:\code\AutoRunForex\History_Data\dukascopy\xauusd\bid\m1\xauusd_bid_m1_2013_01.csv"
xauusd_bid_m1_2013_02,2013-02-01,2013-03-01,ok,9.9,1986967,40321,40321,"F:\code\AutoRunForex\History_Data\dukascopy\xauusd\bid\m1\xauusd_bid_m1_2013_02.csv"
xauusd_bid_m1_2013_03,2013-03-01,2013-04-01,ok,11.28,2176462,44641,44641,"F:\code\AutoRunForex\History_Data\dukascopy\xauusd\bid\m1\xauusd_bid_m1_2013_03.csv"
xauusd_bid_m1_2013_04,2013-04-01,2013-05-01,ok,10.29,2133723,43201,43201,"F:\code\AutoRunForex\History_Data\dukascopy\xauusd\bid\m1\xauusd_bid_m1_2013_04.csv"
xauusd_bid_m1_2013_05,2013-05-01,2013-06-01,ok,11.99,2192763,44641,44641,"F:\code\AutoRunForex\History_Data\dukascopy\xauusd\bid\m1\xauusd_bid_m1_2013_05.csv"
xauusd_bid_m1_2013_06,2013-06-01,2013-07-01,ok,10.09,2116518,43201,43201,"F:\code\AutoRunForex\History_Data\dukascopy\xauusd\bid\m1\xauusd_bid_m1_2013_06.csv"
xauusd_bid_m1_2013_07,2013-07-01,2013-08-01,ok,11.58,2146412,44641,44641,"F:\code\AutoRunForex\History_Data\dukascopy\xauusd\bid\m1\xauusd_bid_m1_2013_07.csv"
xauusd_bid_m1_2013_08,2013-08-01,2013-09-01,ok,11.93,2197044,44641,44641,"F:\code\AutoRunForex\History_Data\dukascopy\xauusd\bid\m1\xauusd_bid_m1_2013_08.csv"
xauusd_bid_m1_2013_09,2013-09-01,2013-10-01,ok,11.3,2146393,43201,43201,"F:\code\AutoRunForex\History_Data\dukascopy\xauusd\bid\m1\xauusd_bid_m1_2013_09.csv"
xauusd_bid_m1_2013_10,2013-10-01,2013-11-01,ok,11.47,2226184,44641,44641,"F:\code\AutoRunForex\History_Data\dukascopy\xauusd\bid\m1\xauusd_bid_m1_2013_10.csv"
xauusd_bid_m1_2013_11,2013-11-01,2013-12-01,ok,195.23,2152613,43201,43201,"F:\code\AutoRunForex\History_Data\dukascopy\xauusd\bid\m1\xauusd_bid_m1_2013_11.csv"
xauusd_bid_m1_2013_12,2013-12-01,2014-01-01,ok,121.63,2218318,44641,44641,"F:\code\AutoRunForex\History_Data\dukascopy\xauusd\bid\m1\xauusd_bid_m1_2013_12.csv"
xauusd_bid_m1_2014_01,2014-01-01,2014-02-01,ok,17.93,0,0,44641,"F:\code\AutoRunForex\History_Data\dukascopy\xauusd\bid\m1\xauusd_bid_m1_2014_01.csv"
xauusd_bid_m1_2014_02,2014-02-01,2014-03-01,ok,103.12,2002373,40321,40321,"F:\code\AutoRunForex\History_Data\dukascopy\xauusd\bid\m1\xauusd_bid_m1_2014_02.csv"
xauusd_bid_m1_2014_03,2014-03-01,2014-04-01,ok,11.67,2212663,44641,44641,"F:\code\AutoRunForex\History_Data\dukascopy\xauusd\bid\m1\xauusd_bid_m1_2014_03.csv"
xauusd_bid_m1_2014_04,2014-04-01,2014-05-01,ok,11.11,2142045,43201,43201,"F:\code\AutoRunForex\History_Data\dukascopy\xauusd\bid\m1\xauusd_bid_m1_2014_04.csv"
xauusd_bid_m1_2014_05,2014-05-01,2014-06-01,ok,11.4,2202264,44641,44641,"F:\code\AutoRunForex\History_Data\dukascopy\xauusd\bid\m1\xauusd_bid_m1_2014_05.csv"
xauusd_bid_m1_2014_06,2014-06-01,2014-07-01,ok,10.3,2106249,43201,43201,"F:\code\AutoRunForex\History_Data\dukascopy\xauusd\bid\m1\xauusd_bid_m1_2014_06.csv"
xauusd_bid_m1_2014_07,2014-07-01,2014-08-01,ok,11.2,2199980,44641,44641,"F:\code\AutoRunForex\History_Data\dukascopy\xauusd\bid\m1\xauusd_bid_m1_2014_07.csv"
xauusd_bid_m1_2014_08,2014-08-01,2014-09-01,ok,11.04,2216787,44641,44641,"F:\code\AutoRunForex\History_Data\dukascopy\xauusd\bid\m1\xauusd_bid_m1_2014_08.csv"
xauusd_bid_m1_2014_09,2014-09-01,2014-10-01,ok,10.13,2149474,43201,43201,"F:\code\AutoRunForex\History_Data\dukascopy\xauusd\bid\m1\xauusd_bid_m1_2014_09.csv"
xauusd_bid_m1_2014_10,2014-10-01,2014-11-01,ok,12.19,2222880,44641,44641,"F:\code\AutoRunForex\History_Data\dukascopy\xauusd\bid\m1\xauusd_bid_m1_2014_10.csv"
xauusd_bid_m1_2014_11,2014-11-01,2014-12-01,ok,10.22,2142123,43201,43201,"F:\code\AutoRunForex\History_Data\dukascopy\xauusd\bid\m1\xauusd_bid_m1_2014_11.csv"
xauusd_bid_m1_2014_12,2014-12-01,2015-01-01,ok,11.84,2223665,44641,44641,"F:\code\AutoRunForex\History_Data\dukascopy\xauusd\bid\m1\xauusd_bid_m1_2014_12.csv"
xauusd_bid_m1_2015_01,2015-01-01,2015-02-01,ok,11.95,2222968,44641,44641,"F:\code\AutoRunForex\History_Data\dukascopy\xauusd\bid\m1\xauusd_bid_m1_2015_01.csv"
xauusd_bid_m1_2015_02,2015-02-01,2015-03-01,ok,11.44,2007019,40321,40321,"F:\code\AutoRunForex\History_Data\dukascopy\xauusd\bid\m1\xauusd_bid_m1_2015_02.csv"
xauusd_bid_m1_2015_03,2015-03-01,2015-04-01,ok,11.95,2224343,44641,44641,"F:\code\AutoRunForex\History_Data\dukascopy\xauusd\bid\m1\xauusd_bid_m1_2015_03.csv"
xauusd_bid_m1_2015_04,2015-04-01,2015-05-01,ok,10.61,2152218,43201,43201,"F:\code\AutoRunForex\History_Data\dukascopy\xauusd\bid\m1\xauusd_bid_m1_2015_04.csv"
xauusd_bid_m1_2015_05,2015-05-01,2015-06-01,ok,12.06,2210340,44641,44641,"F:\code\AutoRunForex\History_Data\dukascopy\xauusd\bid\m1\xauusd_bid_m1_2015_05.csv"
xauusd_bid_m1_2015_06,2015-06-01,2015-07-01,ok,10.1,2148636,43201,43201,"F:\code\AutoRunForex\History_Data\dukascopy\xauusd\bid\m1\xauusd_bid_m1_2015_06.csv"
xauusd_bid_m1_2015_07,2015-07-01,2015-08-01,ok,12.61,2194833,44641,44641,"F:\code\AutoRunForex\History_Data\dukascopy\xauusd\bid\m1\xauusd_bid_m1_2015_07.csv"
xauusd_bid_m1_2015_08,2015-08-01,2015-09-01,ok,12.19,2218437,44641,44641,"F:\code\AutoRunForex\History_Data\dukascopy\xauusd\bid\m1\xauusd_bid_m1_2015_08.csv"
xauusd_bid_m1_2015_09,2015-09-01,2015-10-01,ok,11.09,2135078,43201,43201,"F:\code\AutoRunForex\History_Data\dukascopy\xauusd\bid\m1\xauusd_bid_m1_2015_09.csv"
xauusd_bid_m1_2015_10,2015-10-01,2015-11-01,ok,11.51,2190595,44641,44641,"F:\code\AutoRunForex\History_Data\dukascopy\xauusd\bid\m1\xauusd_bid_m1_2015_10.csv"
xauusd_bid_m1_2015_11,2015-11-01,2015-12-01,ok,10.2,2138857,43201,43201,"F:\code\AutoRunForex\History_Data\dukascopy\xauusd\bid\m1\xauusd_bid_m1_2015_11.csv"
xauusd_bid_m1_2015_12,2015-12-01,2016-01-01,ok,11.65,2209195,44641,44641,"F:\code\AutoRunForex\History_Data\dukascopy\xauusd\bid\m1\xauusd_bid_m1_2015_12.csv"
xauusd_bid_m1_2016_01,2016-01-01,2016-02-01,ok,11.95,2218105,44641,44641,"F:\code\AutoRunForex\History_Data\dukascopy\xauusd\bid\m1\xauusd_bid_m1_2016_01.csv"
xauusd_bid_m1_2016_02,2016-02-01,2016-03-01,ok,10.21,2066225,41761,41761,"F:\code\AutoRunForex\History_Data\dukascopy\xauusd\bid\m1\xauusd_bid_m1_2016_02.csv"
xauusd_bid_m1_2016_03,2016-03-01,2016-04-01,ok,12.03,2185621,44641,44641,"F:\code\AutoRunForex\History_Data\dukascopy\xauusd\bid\m1\xauusd_bid_m1_2016_03.csv"
xauusd_bid_m1_2016_04,2016-04-01,2016-05-01,ok,10.61,2127920,43201,43201,"F:\code\AutoRunForex\History_Data\dukascopy\xauusd\bid\m1\xauusd_bid_m1_2016_04.csv"
xauusd_bid_m1_2016_05,2016-05-01,2016-06-01,ok,12.22,2201255,44641,44641,"F:\code\AutoRunForex\History_Data\dukascopy\xauusd\bid\m1\xauusd_bid_m1_2016_05.csv"
xauusd_bid_m1_2016_06,2016-06-01,2016-07-01,ok,10.31,2115924,43201,43201,"F:\code\AutoRunForex\History_Data\dukascopy\xauusd\bid\m1\xauusd_bid_m1_2016_06.csv"
xauusd_bid_m1_2016_07,2016-07-01,2016-08-01,ok,11.73,2213301,44641,44641,"F:\code\AutoRunForex\History_Data\dukascopy\xauusd\bid\m1\xauusd_bid_m1_2016_07.csv"
xauusd_bid_m1_2016_08,2016-08-01,2016-09-01,ok,11.99,2214608,44641,44641,"F:\code\AutoRunForex\History_Data\dukascopy\xauusd\bid\m1\xauusd_bid_m1_2016_08.csv"
xauusd_bid_m1_2016_09,2016-09-01,2016-10-01,ok,10.1,2143976,43201,43201,"F:\code\AutoRunForex\History_Data\dukascopy\xauusd\bid\m1\xauusd_bid_m1_2016_09.csv"
xauusd_bid_m1_2016_10,2016-10-01,2016-11-01,ok,12.23,2221933,44641,44641,"F:\code\AutoRunForex\History_Data\dukascopy\xauusd\bid\m1\xauusd_bid_m1_2016_10.csv"
xauusd_bid_m1_2016_11,2016-11-01,2016-12-01,ok,10.64,2154638,43201,43201,"F:\code\AutoRunForex\History_Data\dukascopy\xauusd\bid\m1\xauusd_bid_m1_2016_11.csv"
xauusd_bid_m1_2016_12,2016-12-01,2017-01-01,ok,11.41,2231621,44641,44641,"F:\code\AutoRunForex\History_Data\dukascopy\xauusd\bid\m1\xauusd_bid_m1_2016_12.csv"
xauusd_bid_m1_2017_01,2017-01-01,2017-02-01,ok,11.68,2231763,44641,44641,"F:\code\AutoRunForex\History_Data\dukascopy\xauusd\bid\m1\xauusd_bid_m1_2017_01.csv"
xauusd_bid_m1_2017_02,2017-02-01,2017-03-01,ok,9.99,2015867,40321,40321,"F:\code\AutoRunForex\History_Data\dukascopy\xauusd\bid\m1\xauusd_bid_m1_2017_02.csv"
xauusd_bid_m1_2017_03,2017-03-01,2017-04-01,ok,11.81,2229478,44641,44641,"F:\code\AutoRunForex\History_Data\dukascopy\xauusd\bid\m1\xauusd_bid_m1_2017_03.csv"
xauusd_bid_m1_2017_04,2017-04-01,2017-05-01,ok,10.31,2159357,43201,43201,"F:\code\AutoRunForex\History_Data\dukascopy\xauusd\bid\m1\xauusd_bid_m1_2017_04.csv"
xauusd_bid_m1_2017_05,2017-05-01,2017-06-01,ok,12.6,2230016,44641,44641,"F:\code\AutoRunForex\History_Data\dukascopy\xauusd\bid\m1\xauusd_bid_m1_2017_05.csv"
xauusd_bid_m1_2017_06,2017-06-01,2017-07-01,ok,10.64,2159486,43201,43201,"F:\code\AutoRunForex\History_Data\dukascopy\xauusd\bid\m1\xauusd_bid_m1_2017_06.csv"
xauusd_bid_m1_2017_07,2017-07-01,2017-08-01,ok,12.21,2230855,44641,44641,"F:\code\AutoRunForex\History_Data\dukascopy\xauusd\bid\m1\xauusd_bid_m1_2017_07.csv"
xauusd_bid_m1_2017_08,2017-08-01,2017-09-01,ok,11.98,2231204,44641,44641,"F:\code\AutoRunForex\History_Data\dukascopy\xauusd\bid\m1\xauusd_bid_m1_2017_08.csv"
xauusd_bid_m1_2017_09,2017-09-01,2017-10-01,ok,11.29,2159475,43201,43201,"F:\code\AutoRunForex\History_Data\dukascopy\xauusd\bid\m1\xauusd_bid_m1_2017_09.csv"
xauusd_bid_m1_2017_10,2017-10-01,2017-11-01,ok,11.88,2231686,44641,44641,"F:\code\AutoRunForex\History_Data\dukascopy\xauusd\bid\m1\xauusd_bid_m1_2017_10.csv"
xauusd_bid_m1_2017_11,2017-11-01,2017-12-01,ok,10.6,2136004,43201,43201,"F:\code\AutoRunForex\History_Data\dukascopy\xauusd\bid\m1\xauusd_bid_m1_2017_11.csv"
xauusd_bid_m1_2017_12,2017-12-01,2018-01-01,ok,11.97,2231615,44641,44641,"F:\code\AutoRunForex\History_Data\dukascopy\xauusd\bid\m1\xauusd_bid_m1_2017_12.csv"
xauusd_bid_m1_2018_01,2018-01-01,2018-02-01,ok,11.99,2231754,44641,44641,"F:\code\AutoRunForex\History_Data\dukascopy\xauusd\bid\m1\xauusd_bid_m1_2018_01.csv"
xauusd_bid_m1_2018_02,2018-02-01,2018-03-01,ok,11.03,2015751,40321,40321,"F:\code\AutoRunForex\History_Data\dukascopy\xauusd\bid\m1\xauusd_bid_m1_2018_02.csv"
xauusd_bid_m1_2018_03,2018-03-01,2018-04-01,ok,11.92,2230812,44641,44641,"F:\code\AutoRunForex\History_Data\dukascopy\xauusd\bid\m1\xauusd_bid_m1_2018_03.csv"
xauusd_bid_m1_2018_04,2018-04-01,2018-05-01,ok,10.09,2158862,43201,43201,"F:\code\AutoRunForex\History_Data\dukascopy\xauusd\bid\m1\xauusd_bid_m1_2018_04.csv"
xauusd_bid_m1_2018_05,2018-05-01,2018-06-01,ok,11.96,2230576,44641,44641,"F:\code\AutoRunForex\History_Data\dukascopy\xauusd\bid\m1\xauusd_bid_m1_2018_05.csv"
xauusd_bid_m1_2018_06,2018-06-01,2018-07-01,ok,10.02,2157380,43201,43201,"F:\code\AutoRunForex\History_Data\dukascopy\xauusd\bid\m1\xauusd_bid_m1_2018_06.csv"
xauusd_bid_m1_2018_07,2018-07-01,2018-08-01,ok,12.32,2231140,44641,44641,"F:\code\AutoRunForex\History_Data\dukascopy\xauusd\bid\m1\xauusd_bid_m1_2018_07.csv"
xauusd_bid_m1_2018_08,2018-08-01,2018-09-01,ok,11.94,2231740,44641,44641,"F:\code\AutoRunForex\History_Data\dukascopy\xauusd\bid\m1\xauusd_bid_m1_2018_08.csv"
xauusd_bid_m1_2018_09,2018-09-01,2018-10-01,ok,10.6,2159754,43201,43201,"F:\code\AutoRunForex\History_Data\dukascopy\xauusd\bid\m1\xauusd_bid_m1_2018_09.csv"
xauusd_bid_m1_2018_10,2018-10-01,2018-11-01,ok,12.26,2226859,44641,44641,"F:\code\AutoRunForex\History_Data\dukascopy\xauusd\bid\m1\xauusd_bid_m1_2018_10.csv"
xauusd_bid_m1_2018_11,2018-11-01,2018-12-01,ok,10.08,2158273,43201,43201,"F:\code\AutoRunForex\History_Data\dukascopy\xauusd\bid\m1\xauusd_bid_m1_2018_11.csv"
xauusd_bid_m1_2018_12,2018-12-01,2019-01-01,ok,11.4,2231043,44641,44641,"F:\code\AutoRunForex\History_Data\dukascopy\xauusd\bid\m1\xauusd_bid_m1_2018_12.csv"
xauusd_bid_m1_2019_01,2019-01-01,2019-02-01,ok,12.22,2230815,44641,44641,"F:\code\AutoRunForex\History_Data\dukascopy\xauusd\bid\m1\xauusd_bid_m1_2019_01.csv"
xauusd_bid_m1_2019_02,2019-02-01,2019-03-01,ok,9.94,2014541,40321,40321,"F:\code\AutoRunForex\History_Data\dukascopy\xauusd\bid\m1\xauusd_bid_m1_2019_02.csv"
xauusd_bid_m1_2019_03,2019-03-01,2019-04-01,ok,11.63,2230668,44641,44641,"F:\code\AutoRunForex\History_Data\dukascopy\xauusd\bid\m1\xauusd_bid_m1_2019_03.csv"
xauusd_bid_m1_2019_04,2019-04-01,2019-05-01,ok,11.72,2158255,43201,43201,"F:\code\AutoRunForex\History_Data\dukascopy\xauusd\bid\m1\xauusd_bid_m1_2019_04.csv"
xauusd_bid_m1_2019_05,2019-05-01,2019-06-01,ok,12.01,2230337,44641,44641,"F:\code\AutoRunForex\History_Data\dukascopy\xauusd\bid\m1\xauusd_bid_m1_2019_05.csv"
xauusd_bid_m1_2019_06,2019-06-01,2019-07-01,ok,10.37,2159669,43201,43201,"F:\code\AutoRunForex\History_Data\dukascopy\xauusd\bid\m1\xauusd_bid_m1_2019_06.csv"
xauusd_bid_m1_2019_07,2019-07-01,2019-08-01,ok,12,2231792,44641,44641,"F:\code\AutoRunForex\History_Data\dukascopy\xauusd\bid\m1\xauusd_bid_m1_2019_07.csv"
xauusd_bid_m1_2019_08,2019-08-01,2019-09-01,ok,11.69,2230993,44641,44641,"F:\code\AutoRunForex\History_Data\dukascopy\xauusd\bid\m1\xauusd_bid_m1_2019_08.csv"
xauusd_bid_m1_2019_09,2019-09-01,2019-10-01,ok,10.38,2135117,43201,43201,"F:\code\AutoRunForex\History_Data\dukascopy\xauusd\bid\m1\xauusd_bid_m1_2019_09.csv"
xauusd_bid_m1_2019_10,2019-10-01,2019-11-01,ok,12.13,2231571,44641,44641,"F:\code\AutoRunForex\History_Data\dukascopy\xauusd\bid\m1\xauusd_bid_m1_2019_10.csv"
xauusd_bid_m1_2019_11,2019-11-01,2019-12-01,ok,10.62,2159594,43201,43201,"F:\code\AutoRunForex\History_Data\dukascopy\xauusd\bid\m1\xauusd_bid_m1_2019_11.csv"
xauusd_bid_m1_2019_12,2019-12-01,2020-01-01,ok,11.97,2231278,44641,44641,"F:\code\AutoRunForex\History_Data\dukascopy\xauusd\bid\m1\xauusd_bid_m1_2019_12.csv"
xauusd_bid_m1_2020_01,2020-01-01,2020-02-01,ok,12.01,2231422,44641,44641,"F:\code\AutoRunForex\History_Data\dukascopy\xauusd\bid\m1\xauusd_bid_m1_2020_01.csv"
xauusd_bid_m1_2020_02,2020-02-01,2020-03-01,ok,10.19,2087608,41761,41761,"F:\code\AutoRunForex\History_Data\dukascopy\xauusd\bid\m1\xauusd_bid_m1_2020_02.csv"
xauusd_bid_m1_2020_03,2020-03-01,2020-04-01,ok,12.25,2230672,44641,44641,"F:\code\AutoRunForex\History_Data\dukascopy\xauusd\bid\m1\xauusd_bid_m1_2020_03.csv"
xauusd_bid_m1_2020_04,2020-04-01,2020-05-01,ok,10.22,2156833,43201,43201,"F:\code\AutoRunForex\History_Data\dukascopy\xauusd\bid\m1\xauusd_bid_m1_2020_04.csv"
xauusd_bid_m1_2020_05,2020-05-01,2020-06-01,ok,11.95,2230830,44641,44641,"F:\code\AutoRunForex\History_Data\dukascopy\xauusd\bid\m1\xauusd_bid_m1_2020_05.csv"
xauusd_bid_m1_2020_06,2020-06-01,2020-07-01,ok,10.31,2159287,43201,43201,"F:\code\AutoRunForex\History_Data\dukascopy\xauusd\bid\m1\xauusd_bid_m1_2020_06.csv"
xauusd_bid_m1_2020_07,2020-07-01,2020-08-01,ok,12.02,2231178,44641,44641,"F:\code\AutoRunForex\History_Data\dukascopy\xauusd\bid\m1\xauusd_bid_m1_2020_07.csv"
xauusd_bid_m1_2020_08,2020-08-01,2020-09-01,ok,11.8,2231817,44641,44641,"F:\code\AutoRunForex\History_Data\dukascopy\xauusd\bid\m1\xauusd_bid_m1_2020_08.csv"
xauusd_bid_m1_2020_09,2020-09-01,2020-10-01,ok,10.35,2159937,43201,43201,"F:\code\AutoRunForex\History_Data\dukascopy\xauusd\bid\m1\xauusd_bid_m1_2020_09.csv"
xauusd_bid_m1_2020_10,2020-10-01,2020-11-01,ok,11.91,2231944,44641,44641,"F:\code\AutoRunForex\History_Data\dukascopy\xauusd\bid\m1\xauusd_bid_m1_2020_10.csv"
xauusd_bid_m1_2020_11,2020-11-01,2020-12-01,ok,10.41,2159275,43201,43201,"F:\code\AutoRunForex\History_Data\dukascopy\xauusd\bid\m1\xauusd_bid_m1_2020_11.csv"
xauusd_bid_m1_2020_12,2020-12-01,2021-01-01,ok,11.92,2230423,44641,44641,"F:\code\AutoRunForex\History_Data\dukascopy\xauusd\bid\m1\xauusd_bid_m1_2020_12.csv"
xauusd_bid_m1_2021_01,2021-01-01,2021-02-01,ok,11.71,2230528,44641,44641,"F:\code\AutoRunForex\History_Data\dukascopy\xauusd\bid\m1\xauusd_bid_m1_2021_01.csv"
xauusd_bid_m1_2021_02,2021-02-01,2021-03-01,ok,10.22,2013792,40321,40321,"F:\code\AutoRunForex\History_Data\dukascopy\xauusd\bid\m1\xauusd_bid_m1_2021_02.csv"
xauusd_bid_m1_2021_03,2021-03-01,2021-04-01,ok,11.8,2230143,44641,44641,"F:\code\AutoRunForex\History_Data\dukascopy\xauusd\bid\m1\xauusd_bid_m1_2021_03.csv"
xauusd_bid_m1_2021_04,2021-04-01,2021-05-01,ok,10.4,2159346,43201,43201,"F:\code\AutoRunForex\History_Data\dukascopy\xauusd\bid\m1\xauusd_bid_m1_2021_04.csv"
xauusd_bid_m1_2021_05,2021-05-01,2021-06-01,ok,11.47,2231305,44641,44641,"F:\code\AutoRunForex\History_Data\dukascopy\xauusd\bid\m1\xauusd_bid_m1_2021_05.csv"
xauusd_bid_m1_2021_06,2021-06-01,2021-07-01,ok,10.68,2159569,43201,43201,"F:\code\AutoRunForex\History_Data\dukascopy\xauusd\bid\m1\xauusd_bid_m1_2021_06.csv"
xauusd_bid_m1_2021_07,2021-07-01,2021-08-01,ok,11.69,2231760,44641,44641,"F:\code\AutoRunForex\History_Data\dukascopy\xauusd\bid\m1\xauusd_bid_m1_2021_07.csv"
xauusd_bid_m1_2021_08,2021-08-01,2021-09-01,ok,12.03,2231587,44641,44641,"F:\code\AutoRunForex\History_Data\dukascopy\xauusd\bid\m1\xauusd_bid_m1_2021_08.csv"
xauusd_bid_m1_2021_09,2021-09-01,2021-10-01,ok,10.2,2159613,43201,43201,"F:\code\AutoRunForex\History_Data\dukascopy\xauusd\bid\m1\xauusd_bid_m1_2021_09.csv"
xauusd_bid_m1_2021_10,2021-10-01,2021-11-01,ok,11.73,2231524,44641,44641,"F:\code\AutoRunForex\History_Data\dukascopy\xauusd\bid\m1\xauusd_bid_m1_2021_10.csv"
xauusd_bid_m1_2021_11,2021-11-01,2021-12-01,ok,10.67,2159499,43201,43201,"F:\code\AutoRunForex\History_Data\dukascopy\xauusd\bid\m1\xauusd_bid_m1_2021_11.csv"
xauusd_bid_m1_2021_12,2021-12-01,2022-01-01,ok,11.79,2230044,44641,44641,"F:\code\AutoRunForex\History_Data\dukascopy\xauusd\bid\m1\xauusd_bid_m1_2021_12.csv"
xauusd_bid_m1_2022_01,2022-01-01,2022-02-01,ok,11.68,2231893,44641,44641,"F:\code\AutoRunForex\History_Data\dukascopy\xauusd\bid\m1\xauusd_bid_m1_2022_01.csv"
xauusd_bid_m1_2022_02,2022-02-01,2022-03-01,ok,10.03,2015510,40321,40321,"F:\code\AutoRunForex\History_Data\dukascopy\xauusd\bid\m1\xauusd_bid_m1_2022_02.csv"
xauusd_bid_m1_2022_03,2022-03-01,2022-04-01,ok,11.98,2228962,44641,44641,"F:\code\AutoRunForex\History_Data\dukascopy\xauusd\bid\m1\xauusd_bid_m1_2022_03.csv"
xauusd_bid_m1_2022_04,2022-04-01,2022-05-01,ok,231.77,2159074,43201,43201,"F:\code\AutoRunForex\History_Data\dukascopy\xauusd\bid\m1\xauusd_bid_m1_2022_04.csv"
xauusd_bid_m1_2022_05,2022-05-01,2022-06-01,ok,11.73,2231014,44641,44641,"F:\code\AutoRunForex\History_Data\dukascopy\xauusd\bid\m1\xauusd_bid_m1_2022_05.csv"
xauusd_bid_m1_2022_06,2022-06-01,2022-07-01,ok,10.21,2159152,43201,43201,"F:\code\AutoRunForex\History_Data\dukascopy\xauusd\bid\m1\xauusd_bid_m1_2022_06.csv"
xauusd_bid_m1_2022_07,2022-07-01,2022-08-01,ok,11.72,2230725,44641,44641,"F:\code\AutoRunForex\History_Data\dukascopy\xauusd\bid\m1\xauusd_bid_m1_2022_07.csv"
xauusd_bid_m1_2022_08,2022-08-01,2022-09-01,ok,12.22,2229225,44641,44641,"F:\code\AutoRunForex\History_Data\dukascopy\xauusd\bid\m1\xauusd_bid_m1_2022_08.csv"
xauusd_bid_m1_2022_09,2022-09-01,2022-10-01,ok,10.66,2158235,43201,43201,"F:\code\AutoRunForex\History_Data\dukascopy\xauusd\bid\m1\xauusd_bid_m1_2022_09.csv"
xauusd_bid_m1_2022_10,2022-10-01,2022-11-01,ok,12.37,2231536,44641,44641,"F:\code\AutoRunForex\History_Data\dukascopy\xauusd\bid\m1\xauusd_bid_m1_2022_10.csv"
xauusd_bid_m1_2022_11,2022-11-01,2022-12-01,ok,10.44,2159711,43201,43201,"F:\code\AutoRunForex\History_Data\dukascopy\xauusd\bid\m1\xauusd_bid_m1_2022_11.csv"
xauusd_bid_m1_2022_12,2022-12-01,2023-01-01,ok,11.36,2231796,44641,44641,"F:\code\AutoRunForex\History_Data\dukascopy\xauusd\bid\m1\xauusd_bid_m1_2022_12.csv"
xauusd_bid_m1_2023_01,2023-01-01,2023-02-01,ok,12.22,2231952,44641,44641,"F:\code\AutoRunForex\History_Data\dukascopy\xauusd\bid\m1\xauusd_bid_m1_2023_01.csv"
xauusd_bid_m1_2023_02,2023-02-01,2023-03-01,ok,9.86,2016006,40321,40321,"F:\code\AutoRunForex\History_Data\dukascopy\xauusd\bid\m1\xauusd_bid_m1_2023_02.csv"
xauusd_bid_m1_2023_03,2023-03-01,2023-04-01,ok,12.06,2231984,44641,44641,"F:\code\AutoRunForex\History_Data\dukascopy\xauusd\bid\m1\xauusd_bid_m1_2023_03.csv"
xauusd_bid_m1_2023_04,2023-04-01,2023-05-01,ok,10.2,2159920,43201,43201,"F:\code\AutoRunForex\History_Data\dukascopy\xauusd\bid\m1\xauusd_bid_m1_2023_04.csv"
xauusd_bid_m1_2023_05,2023-05-01,2023-06-01,ok,12.03,2231972,44641,44641,"F:\code\AutoRunForex\History_Data\dukascopy\xauusd\bid\m1\xauusd_bid_m1_2023_05.csv"
xauusd_bid_m1_2023_06,2023-06-01,2023-07-01,ok,10.59,2159976,43201,43201,"F:\code\AutoRunForex\History_Data\dukascopy\xauusd\bid\m1\xauusd_bid_m1_2023_06.csv"
xauusd_bid_m1_2023_07,2023-07-01,2023-08-01,ok,12.8,2231931,44641,44641,"F:\code\AutoRunForex\History_Data\dukascopy\xauusd\bid\m1\xauusd_bid_m1_2023_07.csv"
xauusd_bid_m1_2023_08,2023-08-01,2023-09-01,ok,11.56,2231974,44641,44641,"F:\code\AutoRunForex\History_Data\dukascopy\xauusd\bid\m1\xauusd_bid_m1_2023_08.csv"
xauusd_bid_m1_2023_09,2023-09-01,2023-10-01,ok,10.09,2159931,43201,43201,"F:\code\AutoRunForex\History_Data\dukascopy\xauusd\bid\m1\xauusd_bid_m1_2023_09.csv"
xauusd_bid_m1_2023_10,2023-10-01,2023-11-01,ok,12.03,2231917,44641,44641,"F:\code\AutoRunForex\History_Data\dukascopy\xauusd\bid\m1\xauusd_bid_m1_2023_10.csv"
xauusd_bid_m1_2023_11,2023-11-01,2023-12-01,ok,10.62,2159884,43201,43201,"F:\code\AutoRunForex\History_Data\dukascopy\xauusd\bid\m1\xauusd_bid_m1_2023_11.csv"
xauusd_bid_m1_2023_12,2023-12-01,2024-01-01,ok,11.71,2231969,44641,44641,"F:\code\AutoRunForex\History_Data\dukascopy\xauusd\bid\m1\xauusd_bid_m1_2023_12.csv"
xauusd_bid_m1_2024_01,2024-01-01,2024-02-01,ok,194.95,2231993,44641,44641,"F:\code\AutoRunForex\History_Data\dukascopy\xauusd\bid\m1\xauusd_bid_m1_2024_01.csv"
xauusd_bid_m1_2024_02,2024-02-01,2024-03-01,ok,10.46,2087847,41761,41761,"F:\code\AutoRunForex\History_Data\dukascopy\xauusd\bid\m1\xauusd_bid_m1_2024_02.csv"
xauusd_bid_m1_2024_03,2024-03-01,2024-04-01,ok,11.71,2231983,44641,44641,"F:\code\AutoRunForex\History_Data\dukascopy\xauusd\bid\m1\xauusd_bid_m1_2024_03.csv"
xauusd_bid_m1_2024_04,2024-04-01,2024-05-01,ok,10.24,2159936,43201,43201,"F:\code\AutoRunForex\History_Data\dukascopy\xauusd\bid\m1\xauusd_bid_m1_2024_04.csv"
xauusd_bid_m1_2024_05,2024-05-01,2024-06-01,ok,12.01,2232006,44641,44641,"F:\code\AutoRunForex\History_Data\dukascopy\xauusd\bid\m1\xauusd_bid_m1_2024_05.csv"
xauusd_bid_m1_2024_06,2024-06-01,2024-07-01,ok,10.39,2159852,43201,43201,"F:\code\AutoRunForex\History_Data\dukascopy\xauusd\bid\m1\xauusd_bid_m1_2024_06.csv"
xauusd_bid_m1_2024_07,2024-07-01,2024-08-01,ok,12.01,2231718,44641,44641,"F:\code\AutoRunForex\History_Data\dukascopy\xauusd\bid\m1\xauusd_bid_m1_2024_07.csv"
xauusd_bid_m1_2024_08,2024-08-01,2024-09-01,ok,12.45,2231775,44641,44641,"F:\code\AutoRunForex\History_Data\dukascopy\xauusd\bid\m1\xauusd_bid_m1_2024_08.csv"
xauusd_bid_m1_2024_09,2024-09-01,2024-10-01,ok,10.61,2159940,43201,43201,"F:\code\AutoRunForex\History_Data\dukascopy\xauusd\bid\m1\xauusd_bid_m1_2024_09.csv"
xauusd_bid_m1_2024_10,2024-10-01,2024-11-01,ok,11.94,2231815,44641,44641,"F:\code\AutoRunForex\History_Data\dukascopy\xauusd\bid\m1\xauusd_bid_m1_2024_10.csv"
xauusd_bid_m1_2024_11,2024-11-01,2024-12-01,ok,10.43,2159626,43201,43201,"F:\code\AutoRunForex\History_Data\dukascopy\xauusd\bid\m1\xauusd_bid_m1_2024_11.csv"
xauusd_bid_m1_2024_12,2024-12-01,2025-01-01,ok,11.73,2231444,44641,44641,"F:\code\AutoRunForex\History_Data\dukascopy\xauusd\bid\m1\xauusd_bid_m1_2024_12.csv"
xauusd_bid_m1_2025_01,2025-01-01,2025-02-01,ok,12.04,2231746,44641,44641,"F:\code\AutoRunForex\History_Data\dukascopy\xauusd\bid\m1\xauusd_bid_m1_2025_01.csv"
xauusd_bid_m1_2025_02,2025-02-01,2025-03-01,ok,9.69,2015844,40321,40321,"F:\code\AutoRunForex\History_Data\dukascopy\xauusd\bid\m1\xauusd_bid_m1_2025_02.csv"
xauusd_bid_m1_2025_03,2025-03-01,2025-04-01,ok,12.03,2231490,44641,44641,"F:\code\AutoRunForex\History_Data\dukascopy\xauusd\bid\m1\xauusd_bid_m1_2025_03.csv"
xauusd_bid_m1_2025_04,2025-04-01,2025-05-01,ok,10.42,2159648,43201,43201,"F:\code\AutoRunForex\History_Data\dukascopy\xauusd\bid\m1\xauusd_bid_m1_2025_04.csv"
xauusd_bid_m1_2025_05,2025-05-01,2025-06-01,ok,11.76,2231564,44641,44641,"F:\code\AutoRunForex\History_Data\dukascopy\xauusd\bid\m1\xauusd_bid_m1_2025_05.csv"
xauusd_bid_m1_2025_06,2025-06-01,2025-07-01,ok,10.41,2159802,43201,43201,"F:\code\AutoRunForex\History_Data\dukascopy\xauusd\bid\m1\xauusd_bid_m1_2025_06.csv"
xauusd_bid_m1_2025_07,2025-07-01,2025-08-01,ok,11.92,2231995,44641,44641,"F:\code\AutoRunForex\History_Data\dukascopy\xauusd\bid\m1\xauusd_bid_m1_2025_07.csv"
xauusd_bid_m1_2025_08,2025-08-01,2025-09-01,ok,11.45,2231992,44641,44641,"F:\code\AutoRunForex\History_Data\dukascopy\xauusd\bid\m1\xauusd_bid_m1_2025_08.csv"
xauusd_bid_m1_2025_09,2025-09-01,2025-10-01,ok,10.45,2159764,43201,43201,"F:\code\AutoRunForex\History_Data\dukascopy\xauusd\bid\m1\xauusd_bid_m1_2025_09.csv"
xauusd_bid_m1_2025_10,2025-10-01,2025-11-01,ok,11.95,2231779,44641,44641,"F:\code\AutoRunForex\History_Data\dukascopy\xauusd\bid\m1\xauusd_bid_m1_2025_10.csv"
xauusd_bid_m1_2025_11,2025-11-01,2025-12-01,ok,10.37,2159800,43201,43201,"F:\code\AutoRunForex\History_Data\dukascopy\xauusd\bid\m1\xauusd_bid_m1_2025_11.csv"
xauusd_bid_m1_2025_12,2025-12-01,2026-01-01,ok,11.85,2231857,44641,44641,"F:\code\AutoRunForex\History_Data\dukascopy\xauusd\bid\m1\xauusd_bid_m1_2025_12.csv"
xauusd_bid_m1_2026_01,2026-01-01,2026-02-01,ok,11.72,2231894,44641,44641,"F:\code\AutoRunForex\History_Data\dukascopy\xauusd\bid\m1\xauusd_bid_m1_2026_01.csv"
xauusd_bid_m1_2026_02,2026-02-01,2026-03-01,ok,10.05,2015873,40321,40321,"F:\code\AutoRunForex\History_Data\dukascopy\xauusd\bid\m1\xauusd_bid_m1_2026_02.csv"
xauusd_bid_m1_2026_03,2026-03-01,2026-04-01,ok,11.94,2231933,44641,44641,"F:\code\AutoRunForex\History_Data\dukascopy\xauusd\bid\m1\xauusd_bid_m1_2026_03.csv"
xauusd_bid_m1_2026_04,2026-04-01,2026-05-01,ok,10.24,2159984,43201,43201,"F:\code\AutoRunForex\History_Data\dukascopy\xauusd\bid\m1\xauusd_bid_m1_2026_04.csv"
xauusd_bid_m1_2026_05,2026-05-01,2026-06-01,ok,11.75,2231990,44641,44641,"F:\code\AutoRunForex\History_Data\dukascopy\xauusd\bid\m1\xauusd_bid_m1_2026_05.csv"
xauusd_bid_m1_2026_06,2026-06-01,2026-06-24,ok,10.78,1638006,32761,,"F:\code\AutoRunForex\History_Data\dukascopy\xauusd\bid\m1\xauusd_bid_m1_2026_06.csv"
xauusd_bid_m1_2010_01,2010-01-01,2010-02-01,ok,11.99,2192051,44641,44641,"F:\code\AutoRunForex\History_Data\dukascopy\xauusd\bid\m1\xauusd_bid_m1_2010_01.csv"
xauusd_bid_m1_2010_02,2010-02-01,2010-03-01,ok,9.85,1986780,40321,40321,"F:\code\AutoRunForex\History_Data\dukascopy\xauusd\bid\m1\xauusd_bid_m1_2010_02.csv"
xauusd_bid_m1_2010_03,2010-03-01,2010-04-01,ok,5.45,2205941,44641,44641,"F:\code\AutoRunForex\History_Data\dukascopy\xauusd\bid\m1\xauusd_bid_m1_2010_03.csv"
xauusd_bid_m1_2014_01,2014-01-01,2014-02-01,ok,11.33,2220633,44641,44641,"F:\code\AutoRunForex\History_Data\dukascopy\xauusd\bid\m1\xauusd_bid_m1_2014_01.csv"
xauusd_bid_m1_2026_06,2026-06-01,2026-07-01,ok,3.35,1823951,36480,43201,"F:\code\AutoRunForex\History_Data\dukascopy\xauusd\bid\m1\xauusd_bid_m1_2026_06.csv"
xauusd_bid_m1_2026_07,2026-07-01,2026-08-01,ok,4.43,1886898,37740,44641,"F:\code\AutoRunForex\History_Data\dukascopy\xauusd\bid\m1\xauusd_bid_m1_2026_07.csv"
xauusd_bid_m1_2026_08,2026-08-01,2026-08-23,ok,20.08,1205675,24116,,"F:\code\AutoRunForex\History_Data\dukascopy\xauusd\bid\m1\xauusd_bid_m1_2026_08.csv"
xauusd_bid_m1_2026_06,2026-06-01,2026-07-01,ok,1.02,1823951,36480,43201,"F:\code\AutoRunForex\History_Data\dukascopy\xauusd\bid\m1\xauusd_bid_m1_2026_06.csv"
xauusd_bid_m1_2026_07,2026-07-01,2026-08-01,ok,1,1886898,37740,44641,"F:\code\AutoRunForex\History_Data\dukascopy\xauusd\bid\m1\xauusd_bid_m1_2026_07.csv"
xauusd_bid_m1_2026_06,2026-06-01,2026-07-01,ok,0.95,1823951,36480,43201,"F:\code\AutoRunForex\History_Data\dukascopy\xauusd\bid\m1\xauusd_bid_m1_2026_06.csv"
xauusd_bid_m1_2026_07,2026-07-01,2026-08-01,ok,0.92,1886898,37740,44641,"F:\code\AutoRunForex\History_Data\dukascopy\xauusd\bid\m1\xauusd_bid_m1_2026_07.csv"
xauusd_bid_m1_2026_06,2026-06-01,2026-07-01,ok,1.04,1823951,36480,43201,"F:\code\AutoRunForex\History_Data\dukascopy\xauusd\bid\m1\xauusd_bid_m1_2026_06.csv"
xauusd_bid_m1_2026_07,2026-07-01,2026-08-01,ok,0.96,1886898,37740,44641,"F:\code\AutoRunForex\History_Data\dukascopy\xauusd\bid\m1\xauusd_bid_m1_2026_07.csv"
