month,from,to,status,seconds,bytes,file
xauusd_ask_m1_2010_03,2010-03-01,2010-04-01,ok,157.99,2205978,"F:\code\AutoRunForex\History_Data\dukascopy\xauusd\ask\m1\xauusd_ask_m1_2010_03.csv"
xauusd_ask_m1_2010_04,2010-04-01,2010-05-01,ok,9.91,2126746,"F:\code\AutoRunForex\History_Data\dukascopy\xauusd\ask\m1\xauusd_ask_m1_2010_04.csv"
xauusd_ask_m1_2010_05,2010-05-01,2010-06-01,ok,12.23,2205432,"F:\code\AutoRunForex\History_Data\dukascopy\xauusd\ask\m1\xauusd_ask_m1_2010_05.csv"
xauusd_ask_m1_2010_06,2010-06-01,2010-07-01,ok,10.54,2140249,"F:\code\AutoRunForex\History_Data\dukascopy\xauusd\ask\m1\xauusd_ask_m1_2010_06.csv"
xauusd_ask_m1_2010_07,2010-07-01,2010-08-01,ok,11.42,2206351,"F:\code\AutoRunForex\History_Data\dukascopy\xauusd\ask\m1\xauusd_ask_m1_2010_07.csv"
xauusd_ask_m1_2010_08,2010-08-01,2010-09-01,ok,11.96,2217551,"F:\code\AutoRunForex\History_Data\dukascopy\xauusd\ask\m1\xauusd_ask_m1_2010_08.csv"
xauusd_ask_m1_2010_09,2010-09-01,2010-10-01,ok,11.79,2145791,"F:\code\AutoRunForex\History_Data\dukascopy\xauusd\ask\m1\xauusd_ask_m1_2010_09.csv"
xauusd_ask_m1_2010_10,2010-10-01,2010-11-01,ok,11.3,2218488,"F:\code\AutoRunForex\History_Data\dukascopy\xauusd\ask\m1\xauusd_ask_m1_2010_10.csv"
xauusd_ask_m1_2010_11,2010-11-01,2010-12-01,ok,10.27,2145046,"F:\code\AutoRunForex\History_Data\dukascopy\xauusd\ask\m1\xauusd_ask_m1_2010_11.csv"
xauusd_ask_m1_2010_12,2010-12-01,2011-01-01,ok,13.86,2178097,"F:\code\AutoRunForex\History_Data\dukascopy\xauusd\ask\m1\xauusd_ask_m1_2010_12.csv"
xauusd_ask_m1_2011_01,2011-01-01,2011-02-01,ok,11.69,2182050,"F:\code\AutoRunForex\History_Data\dukascopy\xauusd\ask\m1\xauusd_ask_m1_2011_01.csv"
xauusd_ask_m1_2011_02,2011-02-01,2011-03-01,ok,9.92,1995775,"F:\code\AutoRunForex\History_Data\dukascopy\xauusd\ask\m1\xauusd_ask_m1_2011_02.csv"
xauusd_ask_m1_2011_03,2011-03-01,2011-04-01,ok,11.83,2189038,"F:\code\AutoRunForex\History_Data\dukascopy\xauusd\ask\m1\xauusd_ask_m1_2011_03.csv"
xauusd_ask_m1_2011_04,2011-04-01,2011-05-01,ok,10.1,2122526,"F:\code\AutoRunForex\History_Data\dukascopy\xauusd\ask\m1\xauusd_ask_m1_2011_04.csv"
xauusd_ask_m1_2011_05,2011-05-01,2011-06-01,ok,11.9,2198067,"F:\code\AutoRunForex\History_Data\dukascopy\xauusd\ask\m1\xauusd_ask_m1_2011_05.csv"
xauusd_ask_m1_2011_06,2011-06-01,2011-07-01,ok,11.01,2146124,"F:\code\AutoRunForex\History_Data\dukascopy\xauusd\ask\m1\xauusd_ask_m1_2011_06.csv"
xauusd_ask_m1_2011_07,2011-07-01,2011-08-01,ok,12.05,2217795,"F:\code\AutoRunForex\History_Data\dukascopy\xauusd\ask\m1\xauusd_ask_m1_2011_07.csv"
xauusd_ask_m1_2011_08,2011-08-01,2011-09-01,ok,12.07,2215495,"F:\code\AutoRunForex\History_Data\dukascopy\xauusd\ask\m1\xauusd_ask_m1_2011_08.csv"
xauusd_ask_m1_2011_09,2011-09-01,2011-10-01,ok,10.32,2144872,"F:\code\AutoRunForex\History_Data\dukascopy\xauusd\ask\m1\xauusd_ask_m1_2011_09.csv"
xauusd_ask_m1_2011_10,2011-10-01,2011-11-01,ok,11.9,2217911,"F:\code\AutoRunForex\History_Data\dukascopy\xauusd\ask\m1\xauusd_ask_m1_2011_10.csv"
xauusd_ask_m1_2011_11,2011-11-01,2011-12-01,ok,10.71,2145106,"F:\code\AutoRunForex\History_Data\dukascopy\xauusd\ask\m1\xauusd_ask_m1_2011_11.csv"
xauusd_ask_m1_2011_12,2011-12-01,2012-01-01,ok,11.29,2215114,"F:\code\AutoRunForex\History_Data\dukascopy\xauusd\ask\m1\xauusd_ask_m1_2011_12.csv"
xauusd_ask_m1_2012_01,2012-01-01,2012-02-01,ok,11.61,2160154,"F:\code\AutoRunForex\History_Data\dukascopy\xauusd\ask\m1\xauusd_ask_m1_2012_01.csv"
xauusd_ask_m1_2012_02,2012-02-01,2012-03-01,ok,10.3,2021240,"F:\code\AutoRunForex\History_Data\dukascopy\xauusd\ask\m1\xauusd_ask_m1_2012_02.csv"
xauusd_ask_m1_2012_03,2012-03-01,2012-04-01,ok,11.86,2160336,"F:\code\AutoRunForex\History_Data\dukascopy\xauusd\ask\m1\xauusd_ask_m1_2012_03.csv"
xauusd_ask_m1_2012_04,2012-04-01,2012-05-01,ok,10.31,2093858,"F:\code\AutoRunForex\History_Data\dukascopy\xauusd\ask\m1\xauusd_ask_m1_2012_04.csv"
xauusd_ask_m1_2012_05,2012-05-01,2012-06-01,ok,11.87,2150902,"F:\code\AutoRunForex\History_Data\dukascopy\xauusd\ask\m1\xauusd_ask_m1_2012_05.csv"
xauusd_ask_m1_2012_06,2012-06-01,2012-07-01,ok,10.57,2088218,"F:\code\AutoRunForex\History_Data\dukascopy\xauusd\ask\m1\xauusd_ask_m1_2012_06.csv"
xauusd_ask_m1_2012_07,2012-07-01,2012-08-01,ok,11.62,2164381,"F:\code\AutoRunForex\History_Data\dukascopy\xauusd\ask\m1\xauusd_ask_m1_2012_07.csv"
xauusd_ask_m1_2012_08,2012-08-01,2012-09-01,ok,11.89,2166414,"F:\code\AutoRunForex\History_Data\dukascopy\xauusd\ask\m1\xauusd_ask_m1_2012_08.csv"
xauusd_ask_m1_2012_09,2012-09-01,2012-10-01,ok,10.33,2078797,"F:\code\AutoRunForex\History_Data\dukascopy\xauusd\ask\m1\xauusd_ask_m1_2012_09.csv"
xauusd_ask_m1_2012_10,2012-10-01,2012-11-01,ok,11.64,2170613,"F:\code\AutoRunForex\History_Data\dukascopy\xauusd\ask\m1\xauusd_ask_m1_2012_10.csv"
xauusd_ask_m1_2012_11,2012-11-01,2012-12-01,ok,9.72,2100984,"F:\code\AutoRunForex\History_Data\dukascopy\xauusd\ask\m1\xauusd_ask_m1_2012_11.csv"
xauusd_ask_m1_2012_12,2012-12-01,2013-01-01,ok,11.08,2172901,"F:\code\AutoRunForex\History_Data\dukascopy\xauusd\ask\m1\xauusd_ask_m1_2012_12.csv"
xauusd_ask_m1_2013_01,2013-01-01,2013-02-01,ok,13.4,2176288,"F:\code\AutoRunForex\History_Data\dukascopy\xauusd\ask\m1\xauusd_ask_m1_2013_01.csv"
xauusd_ask_m1_2013_02,2013-02-01,2013-03-01,ok,10.61,1986334,"F:\code\AutoRunForex\History_Data\dukascopy\xauusd\ask\m1\xauusd_ask_m1_2013_02.csv"
xauusd_ask_m1_2013_03,2013-03-01,2013-04-01,ok,11.3,2179165,"F:\code\AutoRunForex\History_Data\dukascopy\xauusd\ask\m1\xauusd_ask_m1_2013_03.csv"
xauusd_ask_m1_2013_04,2013-04-01,2013-05-01,ok,9.82,2134361,"F:\code\AutoRunForex\History_Data\dukascopy\xauusd\ask\m1\xauusd_ask_m1_2013_04.csv"
xauusd_ask_m1_2013_05,2013-05-01,2013-06-01,ok,12.11,2196506,"F:\code\AutoRunForex\History_Data\dukascopy\xauusd\ask\m1\xauusd_ask_m1_2013_05.csv"
xauusd_ask_m1_2013_06,2013-06-01,2013-07-01,ok,10.47,2124433,"F:\code\AutoRunForex\History_Data\dukascopy\xauusd\ask\m1\xauusd_ask_m1_2013_06.csv"
xauusd_ask_m1_2013_07,2013-07-01,2013-08-01,ok,11.53,2178343,"F:\code\AutoRunForex\History_Data\dukascopy\xauusd\ask\m1\xauusd_ask_m1_2013_07.csv"
xauusd_ask_m1_2013_08,2013-08-01,2013-09-01,ok,11.51,2199296,"F:\code\AutoRunForex\History_Data\dukascopy\xauusd\ask\m1\xauusd_ask_m1_2013_08.csv"
xauusd_ask_m1_2013_09,2013-09-01,2013-10-01,ok,10.06,2146197,"F:\code\AutoRunForex\History_Data\dukascopy\xauusd\ask\m1\xauusd_ask_m1_2013_09.csv"
xauusd_ask_m1_2013_10,2013-10-01,2013-11-01,ok,8.21,0,"F:\code\AutoRunForex\History_Data\dukascopy\xauusd\ask\m1\xauusd_ask_m1_2013_10.csv"
xauusd_ask_m1_2013_11,2013-11-01,2013-12-01,ok,8.17,0,"F:\code\AutoRunForex\History_Data\dukascopy\xauusd\ask\m1\xauusd_ask_m1_2013_11.csv"
xauusd_ask_m1_2013_12,2013-12-01,2014-01-01,ok,80,2221844,"F:\code\AutoRunForex\History_Data\dukascopy\xauusd\ask\m1\xauusd_ask_m1_2013_12.csv"
xauusd_ask_m1_2014_01,2014-01-01,2014-02-01,ok,11.88,2221109,"F:\code\AutoRunForex\History_Data\dukascopy\xauusd\ask\m1\xauusd_ask_m1_2014_01.csv"
xauusd_ask_m1_2014_02,2014-02-01,2014-03-01,ok,9.36,2002433,"F:\code\AutoRunForex\History_Data\dukascopy\xauusd\ask\m1\xauusd_ask_m1_2014_02.csv"
xauusd_ask_m1_2014_03,2014-03-01,2014-04-01,ok,11.7,2211924,"F:\code\AutoRunForex\History_Data\dukascopy\xauusd\ask\m1\xauusd_ask_m1_2014_03.csv"
xauusd_ask_m1_2014_04,2014-04-01,2014-05-01,ok,9.65,2143938,"F:\code\AutoRunForex\History_Data\dukascopy\xauusd\ask\m1\xauusd_ask_m1_2014_04.csv"
xauusd_ask_m1_2014_05,2014-05-01,2014-06-01,ok,11.17,2209023,"F:\code\AutoRunForex\History_Data\dukascopy\xauusd\ask\m1\xauusd_ask_m1_2014_05.csv"
xauusd_ask_m1_2014_06,2014-06-01,2014-07-01,ok,9.93,2115736,"F:\code\AutoRunForex\History_Data\dukascopy\xauusd\ask\m1\xauusd_ask_m1_2014_06.csv"
xauusd_ask_m1_2014_07,2014-07-01,2014-08-01,ok,11.11,2197088,"F:\code\AutoRunForex\History_Data\dukascopy\xauusd\ask\m1\xauusd_ask_m1_2014_07.csv"
xauusd_ask_m1_2014_08,2014-08-01,2014-09-01,ok,10.92,2216618,"F:\code\AutoRunForex\History_Data\dukascopy\xauusd\ask\m1\xauusd_ask_m1_2014_08.csv"
xauusd_ask_m1_2014_09,2014-09-01,2014-10-01,ok,10.49,2147060,"F:\code\AutoRunForex\History_Data\dukascopy\xauusd\ask\m1\xauusd_ask_m1_2014_09.csv"
xauusd_ask_m1_2014_10,2014-10-01,2014-11-01,ok,11.8,2222625,"F:\code\AutoRunForex\History_Data\dukascopy\xauusd\ask\m1\xauusd_ask_m1_2014_10.csv"
xauusd_ask_m1_2014_11,2014-11-01,2014-12-01,ok,10.49,2151505,"F:\code\AutoRunForex\History_Data\dukascopy\xauusd\ask\m1\xauusd_ask_m1_2014_11.csv"
xauusd_ask_m1_2014_12,2014-12-01,2015-01-01,ok,12.28,2222852,"F:\code\AutoRunForex\History_Data\dukascopy\xauusd\ask\m1\xauusd_ask_m1_2014_12.csv"
xauusd_ask_m1_2015_01,2015-01-01,2015-02-01,ok,11.96,2223348,"F:\code\AutoRunForex\History_Data\dukascopy\xauusd\ask\m1\xauusd_ask_m1_2015_01.csv"
xauusd_ask_m1_2015_02,2015-02-01,2015-03-01,ok,10.1,2008174,"F:\code\AutoRunForex\History_Data\dukascopy\xauusd\ask\m1\xauusd_ask_m1_2015_02.csv"
xauusd_ask_m1_2015_03,2015-03-01,2015-04-01,ok,11.63,2223200,"F:\code\AutoRunForex\History_Data\dukascopy\xauusd\ask\m1\xauusd_ask_m1_2015_03.csv"
xauusd_ask_m1_2015_04,2015-04-01,2015-05-01,ok,10.26,2151449,"F:\code\AutoRunForex\History_Data\dukascopy\xauusd\ask\m1\xauusd_ask_m1_2015_04.csv"
xauusd_ask_m1_2015_05,2015-05-01,2015-06-01,ok,11.41,2219370,"F:\code\AutoRunForex\History_Data\dukascopy\xauusd\ask\m1\xauusd_ask_m1_2015_05.csv"
xauusd_ask_m1_2015_06,2015-06-01,2015-07-01,ok,10,2147307,"F:\code\AutoRunForex\History_Data\dukascopy\xauusd\ask\m1\xauusd_ask_m1_2015_06.csv"
xauusd_ask_m1_2015_07,2015-07-01,2015-08-01,ok,13.18,2203912,"F:\code\AutoRunForex\History_Data\dukascopy\xauusd\ask\m1\xauusd_ask_m1_2015_07.csv"
xauusd_ask_m1_2015_08,2015-08-01,2015-09-01,ok,11.61,2218346,"F:\code\AutoRunForex\History_Data\dukascopy\xauusd\ask\m1\xauusd_ask_m1_2015_08.csv"
xauusd_ask_m1_2015_09,2015-09-01,2015-10-01,ok,10.29,2135515,"F:\code\AutoRunForex\History_Data\dukascopy\xauusd\ask\m1\xauusd_ask_m1_2015_09.csv"
xauusd_ask_m1_2015_10,2015-10-01,2015-11-01,ok,11.49,2175451,"F:\code\AutoRunForex\History_Data\dukascopy\xauusd\ask\m1\xauusd_ask_m1_2015_10.csv"
xauusd_ask_m1_2015_11,2015-11-01,2015-12-01,ok,10.21,2142358,"F:\code\AutoRunForex\History_Data\dukascopy\xauusd\ask\m1\xauusd_ask_m1_2015_11.csv"
xauusd_ask_m1_2015_12,2015-12-01,2016-01-01,ok,11.86,2191574,"F:\code\AutoRunForex\History_Data\dukascopy\xauusd\ask\m1\xauusd_ask_m1_2015_12.csv"
xauusd_ask_m1_2016_01,2016-01-01,2016-02-01,ok,11.8,2215712,"F:\code\AutoRunForex\History_Data\dukascopy\xauusd\ask\m1\xauusd_ask_m1_2016_01.csv"
xauusd_ask_m1_2016_02,2016-02-01,2016-03-01,ok,8.18,0,"F:\code\AutoRunForex\History_Data\dukascopy\xauusd\ask\m1\xauusd_ask_m1_2016_02.csv"
xauusd_ask_m1_2016_03,2016-03-01,2016-04-01,ok,116.2,713157,"F:\code\AutoRunForex\History_Data\dukascopy\xauusd\ask\m1\xauusd_ask_m1_2016_03.csv"
xauusd_ask_m1_2016_04,2016-04-01,2016-05-01,ok,79.26,2125970,"F:\code\AutoRunForex\History_Data\dukascopy\xauusd\ask\m1\xauusd_ask_m1_2016_04.csv"
xauusd_ask_m1_2016_05,2016-05-01,2016-06-01,ok,11.99,2204424,"F:\code\AutoRunForex\History_Data\dukascopy\xauusd\ask\m1\xauusd_ask_m1_2016_05.csv"
xauusd_ask_m1_2016_06,2016-06-01,2016-07-01,ok,10.29,2115011,"F:\code\AutoRunForex\History_Data\dukascopy\xauusd\ask\m1\xauusd_ask_m1_2016_06.csv"
xauusd_ask_m1_2016_07,2016-07-01,2016-08-01,ok,11.8,2212333,"F:\code\AutoRunForex\History_Data\dukascopy\xauusd\ask\m1\xauusd_ask_m1_2016_07.csv"
xauusd_ask_m1_2016_08,2016-08-01,2016-09-01,ok,11.59,2216590,"F:\code\AutoRunForex\History_Data\dukascopy\xauusd\ask\m1\xauusd_ask_m1_2016_08.csv"
xauusd_ask_m1_2016_09,2016-09-01,2016-10-01,ok,10.51,2144805,"F:\code\AutoRunForex\History_Data\dukascopy\xauusd\ask\m1\xauusd_ask_m1_2016_09.csv"
xauusd_ask_m1_2016_10,2016-10-01,2016-11-01,ok,11.87,2223512,"F:\code\AutoRunForex\History_Data\dukascopy\xauusd\ask\m1\xauusd_ask_m1_2016_10.csv"
xauusd_ask_m1_2016_11,2016-11-01,2016-12-01,ok,10.27,2153763,"F:\code\AutoRunForex\History_Data\dukascopy\xauusd\ask\m1\xauusd_ask_m1_2016_11.csv"
xauusd_ask_m1_2016_12,2016-12-01,2017-01-01,ok,11.61,2230663,"F:\code\AutoRunForex\History_Data\dukascopy\xauusd\ask\m1\xauusd_ask_m1_2016_12.csv"
xauusd_ask_m1_2017_01,2017-01-01,2017-02-01,ok,12.3,2230850,"F:\code\AutoRunForex\History_Data\dukascopy\xauusd\ask\m1\xauusd_ask_m1_2017_01.csv"
xauusd_ask_m1_2017_02,2017-02-01,2017-03-01,ok,137.04,719907,"F:\code\AutoRunForex\History_Data\dukascopy\xauusd\ask\m1\xauusd_ask_m1_2017_02.csv"
xauusd_ask_m1_2017_03,2017-03-01,2017-04-01,ok,19.87,0,"F:\code\AutoRunForex\History_Data\dukascopy\xauusd\ask\m1\xauusd_ask_m1_2017_03.csv"
xauusd_ask_m1_2017_04,2017-04-01,2017-05-01,ok,155.87,2134778,"F:\code\AutoRunForex\History_Data\dukascopy\xauusd\ask\m1\xauusd_ask_m1_2017_04.csv"
xauusd_ask_m1_2017_05,2017-05-01,2017-06-01,ok,18.4,0,"F:\code\AutoRunForex\History_Data\dukascopy\xauusd\ask\m1\xauusd_ask_m1_2017_05.csv"
xauusd_ask_m1_2017_06,2017-06-01,2017-07-01,ok,8.16,0,"F:\code\AutoRunForex\History_Data\dukascopy\xauusd\ask\m1\xauusd_ask_m1_2017_06.csv"
xauusd_ask_m1_2017_07,2017-07-01,2017-08-01,ok,208.59,2182857,"F:\code\AutoRunForex\History_Data\dukascopy\xauusd\ask\m1\xauusd_ask_m1_2017_07.csv"
xauusd_ask_m1_2017_08,2017-08-01,2017-09-01,ok,12.14,2231263,"F:\code\AutoRunForex\History_Data\dukascopy\xauusd\ask\m1\xauusd_ask_m1_2017_08.csv"
xauusd_ask_m1_2017_09,2017-09-01,2017-10-01,ok,10.01,2159905,"F:\code\AutoRunForex\History_Data\dukascopy\xauusd\ask\m1\xauusd_ask_m1_2017_09.csv"
xauusd_ask_m1_2017_10,2017-10-01,2017-11-01,ok,12.25,2231762,"F:\code\AutoRunForex\History_Data\dukascopy\xauusd\ask\m1\xauusd_ask_m1_2017_10.csv"
xauusd_ask_m1_2017_11,2017-11-01,2017-12-01,ok,10.33,2159648,"F:\code\AutoRunForex\History_Data\dukascopy\xauusd\ask\m1\xauusd_ask_m1_2017_11.csv"
xauusd_ask_m1_2017_12,2017-12-01,2018-01-01,ok,11.5,2231102,"F:\code\AutoRunForex\History_Data\dukascopy\xauusd\ask\m1\xauusd_ask_m1_2017_12.csv"
xauusd_ask_m1_2018_01,2018-01-01,2018-02-01,ok,11.61,2231656,"F:\code\AutoRunForex\History_Data\dukascopy\xauusd\ask\m1\xauusd_ask_m1_2018_01.csv"
xauusd_ask_m1_2018_02,2018-02-01,2018-03-01,ok,10.02,2015801,"F:\code\AutoRunForex\History_Data\dukascopy\xauusd\ask\m1\xauusd_ask_m1_2018_02.csv"
xauusd_ask_m1_2018_03,2018-03-01,2018-04-01,ok,11.56,2231002,"F:\code\AutoRunForex\History_Data\dukascopy\xauusd\ask\m1\xauusd_ask_m1_2018_03.csv"
xauusd_ask_m1_2018_04,2018-04-01,2018-05-01,ok,10.09,2147305,"F:\code\AutoRunForex\History_Data\dukascopy\xauusd\ask\m1\xauusd_ask_m1_2018_04.csv"
xauusd_ask_m1_2018_05,2018-05-01,2018-06-01,ok,12.87,2230799,"F:\code\AutoRunForex\History_Data\dukascopy\xauusd\ask\m1\xauusd_ask_m1_2018_05.csv"
xauusd_ask_m1_2018_06,2018-06-01,2018-07-01,ok,10.36,2158509,"F:\code\AutoRunForex\History_Data\dukascopy\xauusd\ask\m1\xauusd_ask_m1_2018_06.csv"
xauusd_ask_m1_2018_07,2018-07-01,2018-08-01,ok,12.03,2231512,"F:\code\AutoRunForex\History_Data\dukascopy\xauusd\ask\m1\xauusd_ask_m1_2018_07.csv"
xauusd_ask_m1_2018_08,2018-08-01,2018-09-01,ok,12.21,2219323,"F:\code\AutoRunForex\History_Data\dukascopy\xauusd\ask\m1\xauusd_ask_m1_2018_08.csv"
xauusd_ask_m1_2018_09,2018-09-01,2018-10-01,ok,10.16,2136076,"F:\code\AutoRunForex\History_Data\dukascopy\xauusd\ask\m1\xauusd_ask_m1_2018_09.csv"
xauusd_ask_m1_2018_10,2018-10-01,2018-11-01,ok,12.92,2227123,"F:\code\AutoRunForex\History_Data\dukascopy\xauusd\ask\m1\xauusd_ask_m1_2018_10.csv"
xauusd_ask_m1_2018_11,2018-11-01,2018-12-01,ok,10.47,2146309,"F:\code\AutoRunForex\History_Data\dukascopy\xauusd\ask\m1\xauusd_ask_m1_2018_11.csv"
xauusd_ask_m1_2018_12,2018-12-01,2019-01-01,ok,11.56,2231380,"F:\code\AutoRunForex\History_Data\dukascopy\xauusd\ask\m1\xauusd_ask_m1_2018_12.csv"
xauusd_ask_m1_2019_01,2019-01-01,2019-02-01,ok,13.61,2231577,"F:\code\AutoRunForex\History_Data\dukascopy\xauusd\ask\m1\xauusd_ask_m1_2019_01.csv"
xauusd_ask_m1_2019_02,2019-02-01,2019-03-01,ok,10.37,2014485,"F:\code\AutoRunForex\History_Data\dukascopy\xauusd\ask\m1\xauusd_ask_m1_2019_02.csv"
xauusd_ask_m1_2019_03,2019-03-01,2019-04-01,ok,11.5,2231295,"F:\code\AutoRunForex\History_Data\dukascopy\xauusd\ask\m1\xauusd_ask_m1_2019_03.csv"
xauusd_ask_m1_2019_04,2019-04-01,2019-05-01,ok,10.13,2159060,"F:\code\AutoRunForex\History_Data\dukascopy\xauusd\ask\m1\xauusd_ask_m1_2019_04.csv"
xauusd_ask_m1_2019_05,2019-05-01,2019-06-01,ok,11.86,2230849,"F:\code\AutoRunForex\History_Data\dukascopy\xauusd\ask\m1\xauusd_ask_m1_2019_05.csv"
xauusd_ask_m1_2019_06,2019-06-01,2019-07-01,ok,10.61,2159509,"F:\code\AutoRunForex\History_Data\dukascopy\xauusd\ask\m1\xauusd_ask_m1_2019_06.csv"
xauusd_ask_m1_2019_07,2019-07-01,2019-08-01,ok,11.77,2231813,"F:\code\AutoRunForex\History_Data\dukascopy\xauusd\ask\m1\xauusd_ask_m1_2019_07.csv"
xauusd_ask_m1_2019_08,2019-08-01,2019-09-01,ok,11.66,2231794,"F:\code\AutoRunForex\History_Data\dukascopy\xauusd\ask\m1\xauusd_ask_m1_2019_08.csv"
xauusd_ask_m1_2019_09,2019-09-01,2019-10-01,ok,10.58,2158792,"F:\code\AutoRunForex\History_Data\dukascopy\xauusd\ask\m1\xauusd_ask_m1_2019_09.csv"
xauusd_ask_m1_2019_10,2019-10-01,2019-11-01,ok,12.21,2231544,"F:\code\AutoRunForex\History_Data\dukascopy\xauusd\ask\m1\xauusd_ask_m1_2019_10.csv"
xauusd_ask_m1_2019_11,2019-11-01,2019-12-01,ok,10.25,2159748,"F:\code\AutoRunForex\History_Data\dukascopy\xauusd\ask\m1\xauusd_ask_m1_2019_11.csv"
xauusd_ask_m1_2019_12,2019-12-01,2020-01-01,ok,11.91,2231695,"F:\code\AutoRunForex\History_Data\dukascopy\xauusd\ask\m1\xauusd_ask_m1_2019_12.csv"
xauusd_ask_m1_2020_01,2020-01-01,2020-02-01,ok,11.86,2231566,"F:\code\AutoRunForex\History_Data\dukascopy\xauusd\ask\m1\xauusd_ask_m1_2020_01.csv"
xauusd_ask_m1_2020_02,2020-02-01,2020-03-01,ok,10.04,2087732,"F:\code\AutoRunForex\History_Data\dukascopy\xauusd\ask\m1\xauusd_ask_m1_2020_02.csv"
xauusd_ask_m1_2020_03,2020-03-01,2020-04-01,ok,12.16,2231469,"F:\code\AutoRunForex\History_Data\dukascopy\xauusd\ask\m1\xauusd_ask_m1_2020_03.csv"
xauusd_ask_m1_2020_04,2020-04-01,2020-05-01,ok,10.33,2159165,"F:\code\AutoRunForex\History_Data\dukascopy\xauusd\ask\m1\xauusd_ask_m1_2020_04.csv"
xauusd_ask_m1_2020_05,2020-05-01,2020-06-01,ok,11.87,2231483,"F:\code\AutoRunForex\History_Data\dukascopy\xauusd\ask\m1\xauusd_ask_m1_2020_05.csv"
xauusd_ask_m1_2020_06,2020-06-01,2020-07-01,ok,10.22,2159807,"F:\code\AutoRunForex\History_Data\dukascopy\xauusd\ask\m1\xauusd_ask_m1_2020_06.csv"
xauusd_ask_m1_2020_07,2020-07-01,2020-08-01,ok,12.23,2231120,"F:\code\AutoRunForex\History_Data\dukascopy\xauusd\ask\m1\xauusd_ask_m1_2020_07.csv"
xauusd_ask_m1_2020_08,2020-08-01,2020-09-01,ok,12.17,2231908,"F:\code\AutoRunForex\History_Data\dukascopy\xauusd\ask\m1\xauusd_ask_m1_2020_08.csv"
xauusd_ask_m1_2020_09,2020-09-01,2020-10-01,ok,11.32,2159990,"F:\code\AutoRunForex\History_Data\dukascopy\xauusd\ask\m1\xauusd_ask_m1_2020_09.csv"
xauusd_ask_m1_2020_10,2020-10-01,2020-11-01,ok,11.91,2231910,"F:\code\AutoRunForex\History_Data\dukascopy\xauusd\ask\m1\xauusd_ask_m1_2020_10.csv"
xauusd_ask_m1_2020_11,2020-11-01,2020-12-01,ok,10.7,2159483,"F:\code\AutoRunForex\History_Data\dukascopy\xauusd\ask\m1\xauusd_ask_m1_2020_11.csv"
xauusd_ask_m1_2020_12,2020-12-01,2021-01-01,ok,11.65,2229073,"F:\code\AutoRunForex\History_Data\dukascopy\xauusd\ask\m1\xauusd_ask_m1_2020_12.csv"
xauusd_ask_m1_2021_01,2021-01-01,2021-02-01,ok,11.63,2230236,"F:\code\AutoRunForex\History_Data\dukascopy\xauusd\ask\m1\xauusd_ask_m1_2021_01.csv"
xauusd_ask_m1_2021_02,2021-02-01,2021-03-01,ok,43.11,719358,"F:\code\AutoRunForex\History_Data\dukascopy\xauusd\ask\m1\xauusd_ask_m1_2021_02.csv"
xauusd_ask_m1_2021_03,2021-03-01,2021-04-01,ok,8.2,0,"F:\code\AutoRunForex\History_Data\dukascopy\xauusd\ask\m1\xauusd_ask_m1_2021_03.csv"
xauusd_ask_m1_2021_04,2021-04-01,2021-05-01,ok,28.18,0,"F:\code\AutoRunForex\History_Data\dukascopy\xauusd\ask\m1\xauusd_ask_m1_2021_04.csv"
xauusd_ask_m1_2021_05,2021-05-01,2021-06-01,ok,186.64,719994,"F:\code\AutoRunForex\History_Data\dukascopy\xauusd\ask\m1\xauusd_ask_m1_2021_05.csv"
xauusd_ask_m1_2021_06,2021-06-01,2021-07-01,ok,154.64,2159746,"F:\code\AutoRunForex\History_Data\dukascopy\xauusd\ask\m1\xauusd_ask_m1_2021_06.csv"
xauusd_ask_m1_2021_07,2021-07-01,2021-08-01,ok,12.67,2231460,"F:\code\AutoRunForex\History_Data\dukascopy\xauusd\ask\m1\xauusd_ask_m1_2021_07.csv"
xauusd_ask_m1_2021_08,2021-08-01,2021-09-01,ok,11.58,2231507,"F:\code\AutoRunForex\History_Data\dukascopy\xauusd\ask\m1\xauusd_ask_m1_2021_08.csv"
xauusd_ask_m1_2021_09,2021-09-01,2021-10-01,ok,10.58,2159134,"F:\code\AutoRunForex\History_Data\dukascopy\xauusd\ask\m1\xauusd_ask_m1_2021_09.csv"
xauusd_ask_m1_2021_10,2021-10-01,2021-11-01,ok,11.74,2231523,"F:\code\AutoRunForex\History_Data\dukascopy\xauusd\ask\m1\xauusd_ask_m1_2021_10.csv"
xauusd_ask_m1_2021_11,2021-11-01,2021-12-01,ok,10.4,2159331,"F:\code\AutoRunForex\History_Data\dukascopy\xauusd\ask\m1\xauusd_ask_m1_2021_11.csv"
xauusd_ask_m1_2021_12,2021-12-01,2022-01-01,ok,11.94,2229666,"F:\code\AutoRunForex\History_Data\dukascopy\xauusd\ask\m1\xauusd_ask_m1_2021_12.csv"
xauusd_ask_m1_2022_01,2022-01-01,2022-02-01,ok,11.95,2231838,"F:\code\AutoRunForex\History_Data\dukascopy\xauusd\ask\m1\xauusd_ask_m1_2022_01.csv"
xauusd_ask_m1_2022_02,2022-02-01,2022-03-01,ok,10.22,2015244,"F:\code\AutoRunForex\History_Data\dukascopy\xauusd\ask\m1\xauusd_ask_m1_2022_02.csv"
xauusd_ask_m1_2022_03,2022-03-01,2022-04-01,ok,12,2229989,"F:\code\AutoRunForex\History_Data\dukascopy\xauusd\ask\m1\xauusd_ask_m1_2022_03.csv"
xauusd_ask_m1_2022_04,2022-04-01,2022-05-01,ok,10.36,2159029,"F:\code\AutoRunForex\History_Data\dukascopy\xauusd\ask\m1\xauusd_ask_m1_2022_04.csv"
xauusd_ask_m1_2022_05,2022-05-01,2022-06-01,ok,12.21,2230871,"F:\code\AutoRunForex\History_Data\dukascopy\xauusd\ask\m1\xauusd_ask_m1_2022_05.csv"
xauusd_ask_m1_2022_06,2022-06-01,2022-07-01,ok,10.61,2159282,"F:\code\AutoRunForex\History_Data\dukascopy\xauusd\ask\m1\xauusd_ask_m1_2022_06.csv"
xauusd_ask_m1_2022_07,2022-07-01,2022-08-01,ok,11.67,2230627,"F:\code\AutoRunForex\History_Data\dukascopy\xauusd\ask\m1\xauusd_ask_m1_2022_07.csv"
xauusd_ask_m1_2022_08,2022-08-01,2022-09-01,ok,12.21,2229070,"F:\code\AutoRunForex\History_Data\dukascopy\xauusd\ask\m1\xauusd_ask_m1_2022_08.csv"
xauusd_ask_m1_2022_09,2022-09-01,2022-10-01,ok,10.36,2158442,"F:\code\AutoRunForex\History_Data\dukascopy\xauusd\ask\m1\xauusd_ask_m1_2022_09.csv"
xauusd_ask_m1_2022_10,2022-10-01,2022-11-01,ok,11.92,2230842,"F:\code\AutoRunForex\History_Data\dukascopy\xauusd\ask\m1\xauusd_ask_m1_2022_10.csv"
xauusd_ask_m1_2022_11,2022-11-01,2022-12-01,ok,10.57,2159531,"F:\code\AutoRunForex\History_Data\dukascopy\xauusd\ask\m1\xauusd_ask_m1_2022_11.csv"
xauusd_ask_m1_2022_12,2022-12-01,2023-01-01,ok,11.27,2231932,"F:\code\AutoRunForex\History_Data\dukascopy\xauusd\ask\m1\xauusd_ask_m1_2022_12.csv"
xauusd_ask_m1_2023_01,2023-01-01,2023-02-01,ok,11.61,2232010,"F:\code\AutoRunForex\History_Data\dukascopy\xauusd\ask\m1\xauusd_ask_m1_2023_01.csv"
xauusd_ask_m1_2023_02,2023-02-01,2023-03-01,ok,10.84,2016022,"F:\code\AutoRunForex\History_Data\dukascopy\xauusd\ask\m1\xauusd_ask_m1_2023_02.csv"
xauusd_ask_m1_2023_03,2023-03-01,2023-04-01,ok,12.16,2231945,"F:\code\AutoRunForex\History_Data\dukascopy\xauusd\ask\m1\xauusd_ask_m1_2023_03.csv"
xauusd_ask_m1_2023_04,2023-04-01,2023-05-01,ok,10.08,2159903,"F:\code\AutoRunForex\History_Data\dukascopy\xauusd\ask\m1\xauusd_ask_m1_2023_04.csv"
xauusd_ask_m1_2023_05,2023-05-01,2023-06-01,ok,12.02,2231549,"F:\code\AutoRunForex\History_Data\dukascopy\xauusd\ask\m1\xauusd_ask_m1_2023_05.csv"
xauusd_ask_m1_2023_06,2023-06-01,2023-07-01,ok,10.58,2159765,"F:\code\AutoRunForex\History_Data\dukascopy\xauusd\ask\m1\xauusd_ask_m1_2023_06.csv"
xauusd_ask_m1_2023_07,2023-07-01,2023-08-01,ok,11.77,2230901,"F:\code\AutoRunForex\History_Data\dukascopy\xauusd\ask\m1\xauusd_ask_m1_2023_07.csv"
xauusd_ask_m1_2023_08,2023-08-01,2023-09-01,ok,11.62,2231794,"F:\code\AutoRunForex\History_Data\dukascopy\xauusd\ask\m1\xauusd_ask_m1_2023_08.csv"
xauusd_ask_m1_2023_09,2023-09-01,2023-10-01,ok,10.19,2159742,"F:\code\AutoRunForex\History_Data\dukascopy\xauusd\ask\m1\xauusd_ask_m1_2023_09.csv"
xauusd_ask_m1_2023_10,2023-10-01,2023-11-01,ok,11.98,2231686,"F:\code\AutoRunForex\History_Data\dukascopy\xauusd\ask\m1\xauusd_ask_m1_2023_10.csv"
xauusd_ask_m1_2023_11,2023-11-01,2023-12-01,ok,10.61,2159851,"F:\code\AutoRunForex\History_Data\dukascopy\xauusd\ask\m1\xauusd_ask_m1_2023_11.csv"
xauusd_ask_m1_2023_12,2023-12-01,2024-01-01,ok,11.92,2231955,"F:\code\AutoRunForex\History_Data\dukascopy\xauusd\ask\m1\xauusd_ask_m1_2023_12.csv"
xauusd_ask_m1_2024_01,2024-01-01,2024-02-01,ok,11.94,2231946,"F:\code\AutoRunForex\History_Data\dukascopy\xauusd\ask\m1\xauusd_ask_m1_2024_01.csv"
xauusd_ask_m1_2024_02,2024-02-01,2024-03-01,ok,10.17,2087789,"F:\code\AutoRunForex\History_Data\dukascopy\xauusd\ask\m1\xauusd_ask_m1_2024_02.csv"
xauusd_ask_m1_2024_03,2024-03-01,2024-04-01,ok,11.66,2231876,"F:\code\AutoRunForex\History_Data\dukascopy\xauusd\ask\m1\xauusd_ask_m1_2024_03.csv"
xauusd_ask_m1_2024_04,2024-04-01,2024-05-01,ok,10.37,2159681,"F:\code\AutoRunForex\History_Data\dukascopy\xauusd\ask\m1\xauusd_ask_m1_2024_04.csv"
xauusd_ask_m1_2024_05,2024-05-01,2024-06-01,ok,13.78,2231910,"F:\code\AutoRunForex\History_Data\dukascopy\xauusd\ask\m1\xauusd_ask_m1_2024_05.csv"
xauusd_ask_m1_2024_06,2024-06-01,2024-07-01,ok,10.41,2159912,"F:\code\AutoRunForex\History_Data\dukascopy\xauusd\ask\m1\xauusd_ask_m1_2024_06.csv"
xauusd_ask_m1_2024_07,2024-07-01,2024-08-01,ok,12.19,2231865,"F:\code\AutoRunForex\History_Data\dukascopy\xauusd\ask\m1\xauusd_ask_m1_2024_07.csv"
xauusd_ask_m1_2024_08,2024-08-01,2024-09-01,ok,11.34,2231835,"F:\code\AutoRunForex\History_Data\dukascopy\xauusd\ask\m1\xauusd_ask_m1_2024_08.csv"
xauusd_ask_m1_2024_09,2024-09-01,2024-10-01,ok,10.39,2159782,"F:\code\AutoRunForex\History_Data\dukascopy\xauusd\ask\m1\xauusd_ask_m1_2024_09.csv"
xauusd_ask_m1_2024_10,2024-10-01,2024-11-01,ok,11.94,2231886,"F:\code\AutoRunForex\History_Data\dukascopy\xauusd\ask\m1\xauusd_ask_m1_2024_10.csv"
xauusd_ask_m1_2024_11,2024-11-01,2024-12-01,ok,10.64,2159625,"F:\code\AutoRunForex\History_Data\dukascopy\xauusd\ask\m1\xauusd_ask_m1_2024_11.csv"
xauusd_ask_m1_2024_12,2024-12-01,2025-01-01,ok,11.99,2231168,"F:\code\AutoRunForex\History_Data\dukascopy\xauusd\ask\m1\xauusd_ask_m1_2024_12.csv"
xauusd_ask_m1_2025_01,2025-01-01,2025-02-01,ok,11.96,2231840,"F:\code\AutoRunForex\History_Data\dukascopy\xauusd\ask\m1\xauusd_ask_m1_2025_01.csv"
xauusd_ask_m1_2025_02,2025-02-01,2025-03-01,ok,11.02,2015501,"F:\code\AutoRunForex\History_Data\dukascopy\xauusd\ask\m1\xauusd_ask_m1_2025_02.csv"
xauusd_ask_m1_2025_03,2025-03-01,2025-04-01,ok,11.89,2231659,"F:\code\AutoRunForex\History_Data\dukascopy\xauusd\ask\m1\xauusd_ask_m1_2025_03.csv"
xauusd_ask_m1_2025_04,2025-04-01,2025-05-01,ok,10.61,2159651,"F:\code\AutoRunForex\History_Data\dukascopy\xauusd\ask\m1\xauusd_ask_m1_2025_04.csv"
xauusd_ask_m1_2025_05,2025-05-01,2025-06-01,ok,11.91,2231488,"F:\code\AutoRunForex\History_Data\dukascopy\xauusd\ask\m1\xauusd_ask_m1_2025_05.csv"
xauusd_ask_m1_2025_06,2025-06-01,2025-07-01,ok,10.58,2160025,"F:\code\AutoRunForex\History_Data\dukascopy\xauusd\ask\m1\xauusd_ask_m1_2025_06.csv"
xauusd_ask_m1_2025_07,2025-07-01,2025-08-01,ok,12.06,2231980,"F:\code\AutoRunForex\History_Data\dukascopy\xauusd\ask\m1\xauusd_ask_m1_2025_07.csv"
xauusd_ask_m1_2025_08,2025-08-01,2025-09-01,ok,11.71,2232004,"F:\code\AutoRunForex\History_Data\dukascopy\xauusd\ask\m1\xauusd_ask_m1_2025_08.csv"
xauusd_ask_m1_2025_09,2025-09-01,2025-10-01,ok,10.38,2159933,"F:\code\AutoRunForex\History_Data\dukascopy\xauusd\ask\m1\xauusd_ask_m1_2025_09.csv"
xauusd_ask_m1_2025_10,2025-10-01,2025-11-01,ok,12,2231896,"F:\code\AutoRunForex\History_Data\dukascopy\xauusd\ask\m1\xauusd_ask_m1_2025_10.csv"
xauusd_ask_m1_2025_11,2025-11-01,2025-12-01,ok,10.44,2159965,"F:\code\AutoRunForex\History_Data\dukascopy\xauusd\ask\m1\xauusd_ask_m1_2025_11.csv"
xauusd_ask_m1_2025_12,2025-12-01,2026-01-01,ok,12.3,2231993,"F:\code\AutoRunForex\History_Data\dukascopy\xauusd\ask\m1\xauusd_ask_m1_2025_12.csv"
xauusd_ask_m1_2026_01,2026-01-01,2026-02-01,ok,11.98,2231944,"F:\code\AutoRunForex\History_Data\dukascopy\xauusd\ask\m1\xauusd_ask_m1_2026_01.csv"
xauusd_ask_m1_2026_02,2026-02-01,2026-03-01,ok,10.8,2015990,"F:\code\AutoRunForex\History_Data\dukascopy\xauusd\ask\m1\xauusd_ask_m1_2026_02.csv"
xauusd_ask_m1_2026_03,2026-03-01,2026-04-01,ok,12.21,2231956,"F:\code\AutoRunForex\History_Data\dukascopy\xauusd\ask\m1\xauusd_ask_m1_2026_03.csv"
xauusd_ask_m1_2026_04,2026-04-01,2026-05-01,ok,10.57,2159982,"F:\code\AutoRunForex\History_Data\dukascopy\xauusd\ask\m1\xauusd_ask_m1_2026_04.csv"
xauusd_ask_m1_2026_05,2026-05-01,2026-06-01,ok,11.72,2232014,"F:\code\AutoRunForex\History_Data\dukascopy\xauusd\ask\m1\xauusd_ask_m1_2026_05.csv"
xauusd_ask_m1_2026_06,2026-06-01,2026-06-24,ok,14.78,1634996,"F:\code\AutoRunForex\History_Data\dukascopy\xauusd\ask\m1\xauusd_ask_m1_2026_06.csv"
xauusd_ask_m1_2026_06,2026-06-01,2026-07-01,ok,17.22,1823944,36480,43201,"F:\code\AutoRunForex\History_Data\dukascopy\xauusd\ask\m1\xauusd_ask_m1_2026_06.csv"
xauusd_ask_m1_2026_07,2026-07-01,2026-08-01,ok,4.49,1886953,37740,44641,"F:\code\AutoRunForex\History_Data\dukascopy\xauusd\ask\m1\xauusd_ask_m1_2026_07.csv"
xauusd_ask_m1_2026_08,2026-08-01,2026-08-23,ok,20.16,1205804,24117,,"F:\code\AutoRunForex\History_Data\dukascopy\xauusd\ask\m1\xauusd_ask_m1_2026_08.csv"
xauusd_ask_m1_2026_06,2026-06-01,2026-07-01,ok,1,1823944,36480,43201,"F:\code\AutoRunForex\History_Data\dukascopy\xauusd\ask\m1\xauusd_ask_m1_2026_06.csv"
xauusd_ask_m1_2026_07,2026-07-01,2026-08-01,ok,0.97,1886953,37740,44641,"F:\code\AutoRunForex\History_Data\dukascopy\xauusd\ask\m1\xauusd_ask_m1_2026_07.csv"
xauusd_ask_m1_2026_06,2026-06-01,2026-07-01,ok,1,1823944,36480,43201,"F:\code\AutoRunForex\History_Data\dukascopy\xauusd\ask\m1\xauusd_ask_m1_2026_06.csv"
xauusd_ask_m1_2026_07,2026-07-01,2026-08-01,ok,0.96,1886953,37740,44641,"F:\code\AutoRunForex\History_Data\dukascopy\xauusd\ask\m1\xauusd_ask_m1_2026_07.csv"
xauusd_ask_m1_2026_06,2026-06-01,2026-07-01,ok,0.98,1823944,36480,43201,"F:\code\AutoRunForex\History_Data\dukascopy\xauusd\ask\m1\xauusd_ask_m1_2026_06.csv"
xauusd_ask_m1_2026_07,2026-07-01,2026-08-01,ok,1.03,1886953,37740,44641,"F:\code\AutoRunForex\History_Data\dukascopy\xauusd\ask\m1\xauusd_ask_m1_2026_07.csv"
